{
    "images": [
        {
            "filename": "ic_format_textdirection_l_to_r_48pt.png",
            "idiom": "universal",
            "scale": "1x"
        },
        {
            "filename": "ic_format_textdirection_l_to_r_48pt_2x.png",
            "idiom": "universal",
            "scale": "2x"
        },
        {
            "filename": "ic_format_textdirection_l_to_r_48pt_3x.png",
            "idiom": "universal",
            "scale": "3x"
        }
    ],
    "info": {
        "author": "xcode",
        "version": 1
    }
}
