{
    "images": [
        {
            "filename": "ic_add_a_photo_white_18pt.png",
            "idiom": "universal",
            "scale": "1x"
        },
        {
            "filename": "ic_add_a_photo_white_18pt_2x.png",
            "idiom": "universal",
            "scale": "2x"
        },
        {
            "filename": "ic_add_a_photo_white_18pt_3x.png",
            "idiom": "universal",
            "scale": "3x"
        }
    ],
    "info": {
        "author": "xcode",
        "version": 1
    }
}
