{
    "images": [
        {
            "filename": "ic_sentiment_very_satisfied_18pt.png",
            "idiom": "universal",
            "scale": "1x"
        },
        {
            "filename": "ic_sentiment_very_satisfied_18pt_2x.png",
            "idiom": "universal",
            "scale": "2x"
        },
        {
            "filename": "ic_sentiment_very_satisfied_18pt_3x.png",
            "idiom": "universal",
            "scale": "3x"
        }
    ],
    "info": {
        "author": "xcode",
        "version": 1
    }
}
